City_ID,City,Lat,Lng,Max Temp,Humidity,Cloudiness,Wind Speed,Country,Date
0,kodiak,57.79,-152.4072,42.31,100,100,9.22,US,1685200786
1,mogocha,53.7333,119.7667,36.52,79,84,4.97,RU,1685200786
2,petropavlovsk-kamchatsky,53.0452,158.6483,39.79,81,0,2.24,RU,1685200493
3,grytviken,-54.2811,-36.5092,37.85,90,50,9.64,GS,1685200786
4,port-aux-francais,-49.35,70.2167,44.76,87,73,23.15,TF,1685200786
5,blackmans bay,-43.0167,147.3167,53.73,77,100,4.68,AU,1685200786
6,danilov,58.1908,40.1717,62.08,58,90,8.41,RU,1685200787
7,ar ruways,24.1103,52.7306,90.16,48,2,11.48,AE,1685200787
8,aral,40.5156,81.2636,71.98,26,100,7.43,CN,1685200787
9,bethel,41.3712,-73.414,75.88,42,0,1.99,US,1685200787
10,galesong,-5.3166,119.3661,78.82,82,7,8.12,ID,1685200787
11,ust-nera,64.5667,143.2,36.43,75,20,2.06,RU,1685200788
12,hurricane,37.1753,-113.2899,72.59,17,0,3.11,US,1685200414
13,illizi,26.4833,8.4667,91.2,13,22,10.54,DZ,1685200788
14,taungoo,18.9333,96.4333,83.03,70,51,4.03,MM,1685200788
15,muisne,0.6,-80.0333,81.0,83,95,10.27,EC,1685200788
16,ushuaia,-54.8,-68.3,42.42,75,75,33.38,AR,1685200626
17,arraial do cabo,-22.9661,-42.0278,80.56,54,0,18.41,BR,1685200789
18,east london,-33.0153,27.9116,65.34,72,0,6.91,ZA,1685200789
19,fort st. john,56.2499,-120.8529,60.69,51,40,11.5,CA,1685200789
20,puerto ayora,-0.7393,-90.3518,84.16,95,66,5.01,EC,1685200789
21,angostura,25.3667,-108.1833,79.95,38,99,4.05,MX,1685200789
22,taltal,-25.4,-70.4833,68.18,62,8,4.27,CL,1685200790
23,tura,25.5198,90.2201,70.41,91,45,4.41,IN,1685200790
24,coos bay,43.3665,-124.2179,58.32,97,100,6.91,US,1685200790
25,dul'durga,50.6761,113.5931,42.93,50,45,3.04,RU,1685200790
26,alofi,-19.0595,-169.9187,75.09,94,27,9.22,NU,1685200790
27,pacific grove,36.6177,-121.9166,55.22,86,100,4.61,US,1685200555
28,corner brook,48.9667,-57.9484,44.76,96,100,9.93,CA,1685200516
29,kargasok,59.0556,80.8572,55.2,39,6,3.04,RU,1685200791
30,luanda,-8.8368,13.2343,82.4,69,20,16.11,AO,1685200687
31,pereira barreto,-20.6383,-51.1092,85.8,36,13,7.92,BR,1685200682
32,luderitz,-26.6481,15.1594,61.92,62,0,12.77,NA,1685200791
33,jackson,42.4165,-122.8345,64.15,68,0,1.01,US,1685200446
34,tazovsky,67.4667,78.7,57.83,52,10,15.19,RU,1685200793
35,nemuro,43.3236,145.575,49.23,91,100,14.18,JP,1685200793
36,puerto natales,-51.7236,-72.4875,41.45,56,75,27.63,CL,1685200793
37,samarinda,-0.5,117.15,75.36,99,45,3.15,ID,1685200793
38,adamstown,-25.066,-130.1015,73.81,80,64,23.11,PN,1685200794
39,aasiaat,68.7098,-52.8699,31.64,94,100,21.07,GL,1685200794
40,udachny,66.4167,112.4,50.45,61,95,8.23,RU,1685200794
41,olonkinbyen,70.9221,-8.7187,31.73,77,100,19.62,SJ,1685200794
42,san antonio de pale,-1.4014,5.6325,79.25,81,100,14.14,GQ,1685200794
43,dhidhdhoo,6.8833,73.1,84.78,75,11,13.85,MV,1685200611
44,ta`u,-14.2336,-169.5144,82.54,75,100,12.03,AS,1685200795
45,vorgashor,67.5833,63.95,60.82,47,100,7.72,RU,1685200795
46,garachico,28.7781,-17.7646,69.91,60,20,4.61,ES,1685200795
47,touros,-5.1989,-35.4608,85.96,64,66,15.68,BR,1685200795
48,ilulissat,69.2167,-51.1,33.82,93,75,10.36,GL,1685200796
49,richards bay,-28.783,32.0377,68.92,73,76,10.67,ZA,1685200796
50,katsuura,35.1333,140.3,64.4,74,86,8.25,JP,1685200796
51,keren,15.7778,38.4581,83.95,42,97,14.14,ER,1685200796
52,stanley,54.868,-1.6985,68.72,55,20,12.66,GB,1685200796
53,namibe,-15.1961,12.1522,72.36,66,4,11.18,AO,1685200796
54,georgetown,5.4112,100.3354,84.13,77,20,1.14,MY,1685200797
55,okhotsk,59.3833,143.3,42.35,63,100,3.49,RU,1685200797
56,uturoa,-16.7333,-151.4333,80.96,77,98,21.59,PF,1685200797
57,pakpattan,30.341,73.3866,90.41,44,1,7.36,PK,1685200797
58,biu,10.6129,12.1946,97.29,28,6,5.61,NG,1685200797
59,yellowknife,62.456,-114.3525,46.92,81,100,11.5,CA,1685200798
60,anadyr,64.75,177.4833,32.5,93,0,2.24,RU,1685200798
61,kavieng,-2.5744,150.7967,81.99,77,41,7.81,PG,1685200798
62,vilyuchinsk,52.9306,158.4028,41.27,81,97,2.53,RU,1685200798
63,sinabang,2.4803,96.3801,80.01,83,20,5.93,ID,1685200799
64,kimbe,-5.5502,150.1429,76.5,91,44,0.94,PG,1685200799
65,fortuna,40.5982,-124.1573,54.36,95,100,5.12,US,1685200799
66,lebu,-37.6167,-73.65,48.76,64,22,11.48,CL,1685200799
67,el granada,37.5027,-122.4694,59.07,87,75,6.91,US,1685200787
68,berdigestyakh,62.0989,126.6992,38.7,78,69,4.85,RU,1685200800
69,bodaybo,57.8506,114.1933,43.7,61,100,0.76,RU,1685200800
70,boa vista,2.8197,-60.6733,87.78,62,75,6.91,BR,1685200800
71,kailua-kona,19.6406,-155.9956,70.23,82,0,5.99,US,1685200562
72,moab,38.5733,-109.5498,72.48,29,54,2.71,US,1685200801
73,rawai,7.7797,98.3253,87.98,99,14,17.54,TH,1685200801
74,belyy yar,53.6039,91.3903,51.69,58,0,4.47,RU,1685200801
75,basco,20.4487,121.9702,80.92,78,78,23.62,PH,1685200801
76,fale old settlement,-9.3852,-171.2468,83.21,76,27,9.62,TK,1685200802
77,san patricio,28.017,-97.5169,85.87,56,79,9.04,US,1685200802
78,mount isa,-20.7333,139.5,49.77,37,3,6.91,AU,1685200802
79,porbandar,21.6422,69.6093,83.3,84,1,16.91,IN,1685200802
80,hawaiian paradise park,19.5933,-154.9731,68.04,95,100,5.75,US,1685200803
81,tazacorte,28.629,-17.9293,72.57,70,20,8.01,ES,1685200803
82,karratha,-20.7377,116.8463,72.48,35,88,8.68,AU,1685200803
83,borogontsy,62.6683,131.1683,37.0,72,14,3.51,RU,1685200804
84,port mathurin,-19.6833,63.4167,77.54,74,33,22.93,MU,1685200804
85,west island,-12.1568,96.8225,80.58,78,40,14.97,CC,1685200804
86,port hedland,-20.3167,118.5667,69.85,28,30,8.05,AU,1685200789
87,rongelap,11.1635,166.8941,82.13,76,100,16.67,MH,1685200804
88,utrik,11.2278,169.8474,81.72,75,100,15.05,MH,1685200810
89,margaret river,-33.95,115.0667,59.58,69,91,6.64,AU,1685200810
90,paita,-5.0892,-81.1144,76.78,73,78,11.9,PE,1685200808
91,edinburgh of the seven seas,-37.0676,-12.3116,54.18,55,81,11.16,SH,1685200810
92,howrah,22.5892,88.3103,82.4,89,20,3.44,IN,1685200725
93,umba,66.6871,34.3429,47.17,45,17,8.84,RU,1685200811
94,murzuq,25.9155,13.9184,85.24,21,0,12.77,LY,1685200811
95,kachkanar,58.7,59.4948,69.8,53,100,4.27,RU,1685200811
96,vegueta,-11.0231,-77.6431,72.66,76,100,9.04,PE,1685200811
97,sosnovo-ozerskoye,52.5249,111.5418,41.56,72,78,7.94,RU,1685200811
98,kenai,60.5544,-151.2583,47.14,65,100,14.97,US,1685200573
99,fuerte olimpo,-21.0415,-57.8738,86.45,48,95,8.95,PY,1685200812
100,iqaluit,63.7506,-68.5145,24.53,68,75,3.44,CA,1685200812
101,las tablas,7.7667,-80.2833,85.3,65,29,4.23,PA,1685200812
102,lompoc,34.6391,-120.4579,58.01,83,100,5.75,US,1685200566
103,alice springs,-23.7,133.8833,38.75,70,15,7.92,AU,1685200813
104,susuman,62.7833,148.1667,33.04,76,2,3.22,RU,1685200813
105,bilibino,68.0546,166.4372,36.66,65,10,3.53,RU,1685200813
106,yuzhno-kurilsk,44.0306,145.8556,51.04,90,100,8.3,RU,1685200813
107,ixtapa,20.7,-105.2,83.23,50,20,8.05,MX,1685200814
108,flekkefjord,58.2971,6.6607,51.94,85,97,10.29,NO,1685200814
109,masterton,-40.9597,175.6575,50.88,92,50,2.86,NZ,1685200644
110,palikir - national government center,6.9248,158.1611,75.94,100,100,4.61,FM,1685200814
111,saint-philippe,-21.3585,55.7679,74.79,87,71,15.1,RE,1685200815
112,dudinka,69.4058,86.1778,42.62,92,20,16.37,RU,1685200815
113,severo-yeniseyskiy,60.3725,93.0408,39.51,83,97,4.09,RU,1685200815
114,novodvinsk,64.4165,40.8122,54.14,37,62,8.93,RU,1685200816
115,bredasdorp,-34.5322,20.0403,58.93,50,0,4.74,ZA,1685200816
116,karwar,14.8,74.1333,82.24,73,0,12.71,IN,1685200816
117,waitangi,-43.9535,-176.5597,57.81,94,100,4.0,NZ,1685200817
118,puerto santa,-8.9906,-78.6456,72.81,83,100,5.12,PE,1685200817
119,lethem,3.3803,-59.7968,88.41,59,54,8.66,GY,1685200817
120,albany,42.6001,-73.9662,72.68,41,2,1.01,US,1685200715
121,bridgewater,44.3835,-64.5155,74.82,36,0,14.97,CA,1685200818
122,mocoreta,-30.6189,-57.9634,63.55,54,75,19.19,AR,1685200818
123,tarauaca,-8.1614,-70.7656,86.38,65,84,1.45,BR,1685200823
124,amble,55.3333,-1.5833,69.94,46,75,13.8,GB,1685200824
125,mato verde,-15.3972,-42.8664,86.68,23,3,5.26,BR,1685200824
126,neustadt in holstein,54.1071,10.8145,70.43,73,29,5.03,DE,1685200824
127,shingu,33.7333,135.9833,63.39,85,76,1.63,JP,1685200824
128,al kut,32.5147,45.819,101.35,10,100,13.29,IQ,1685200824
129,enewetak,11.3474,162.3373,81.93,79,99,17.94,MH,1685200825
130,sitia,35.2,26.0986,74.98,80,83,21.12,GR,1685200825
131,ribeira grande,38.5167,-28.7,66.78,63,75,17.0,PT,1685200825
132,ghadamis,30.1337,9.5007,85.46,18,0,6.49,LY,1685200825
133,port lincoln,-34.7333,135.8667,58.28,79,100,17.49,AU,1685200826
134,thompson,55.7435,-97.8558,50.16,81,100,0.0,CA,1685200826
135,benguela,-12.5763,13.4055,78.82,73,19,7.9,AO,1685200826
136,maamba,-17.3667,27.15,81.21,30,0,5.88,ZM,1685200826
137,santana,-0.0583,-51.1817,82.58,89,75,5.75,BR,1685200827
138,avarua,-21.2078,-159.775,77.05,83,100,10.36,CK,1685200827
139,invercargill,-46.4,168.35,42.67,87,0,5.73,NZ,1685200827
140,talnakh,69.4865,88.3972,42.21,99,82,10.45,RU,1685200827
141,tekeli,44.83,78.8239,52.12,63,99,1.28,KZ,1685200828
142,cabo san lucas,22.8909,-109.9124,81.61,56,20,6.91,MX,1685200828
143,marco island,25.9363,-81.7157,80.6,69,0,1.99,US,1685200828
144,kingscliff,-28.2667,153.5667,52.77,93,8,0.0,AU,1685200829
145,padang,-0.9492,100.3543,80.65,87,68,3.89,ID,1685200711
146,roma,43.2128,-75.4557,72.52,42,0,2.01,US,1685200829
147,port saint john's,-31.6229,29.5448,67.5,72,0,14.54,ZA,1685200829
148,nyrob,60.733,56.7202,66.52,73,100,2.17,RU,1685200830
149,isafjordur,66.0755,-23.124,46.44,46,20,16.11,IS,1685200830
150,port douglas,-16.4833,145.4667,69.48,80,34,6.04,AU,1685200830
151,pitanga,-24.7572,-51.7614,74.23,52,28,7.11,BR,1685200835
152,papatowai,-46.5619,169.4708,45.46,83,0,5.01,NZ,1685200836
153,acapulco de juarez,16.8634,-99.8901,87.62,55,75,6.91,MX,1685200705
154,sao raimundo nonato,-9.0153,-42.6994,89.22,40,46,11.34,BR,1685200836
155,aykhal,66.0,111.5,40.82,90,72,5.68,RU,1685200836
156,ola,59.5833,151.2833,39.15,64,5,8.37,RU,1685200837
157,kingston,17.997,-76.7936,87.24,76,75,12.66,JM,1685200641
158,port-gentil,-0.7193,8.7815,80.01,82,100,15.46,GA,1685200837
159,port elizabeth,-33.918,25.5701,66.49,43,0,11.5,ZA,1685200837
160,afif,23.9065,42.9172,97.47,8,2,8.08,SA,1685200837
161,paramonga,-10.6667,-77.8333,73.65,76,100,8.01,PE,1685200838
162,chebarkul',54.9749,60.3633,66.58,63,96,5.84,RU,1685200838
163,wailua homesteads,22.0669,-159.378,72.39,77,20,10.36,US,1685200838
164,cataingan,12.003,123.992,80.44,80,100,9.33,PH,1685200839
165,gradiska,45.1411,17.25,66.45,82,78,4.56,BA,1685200840
166,kapa'a,22.0752,-159.319,73.72,77,20,10.36,US,1685200840
167,hlukhiv,51.6782,33.9162,64.89,82,65,10.45,UA,1685200840
168,qaqortoq,60.7167,-46.0333,35.91,75,100,4.7,GL,1685200840
169,ponta delgada,37.7333,-25.6667,66.92,59,40,16.11,PT,1685200841
170,happy valley-goose bay,53.3168,-60.3315,50.31,62,75,14.97,CA,1685200841
171,prince albert,53.2001,-105.7677,53.55,100,100,17.27,CA,1685200841
172,devils lake,48.1128,-98.8651,71.71,47,0,17.27,US,1685200841
173,port alfred,-33.5906,26.891,63.18,61,0,1.01,ZA,1685200842
174,baharly,38.4362,57.4316,92.21,10,91,10.92,TM,1685200842
175,yigo village,13.5361,144.8886,78.51,87,100,14.03,GU,1685200842
176,new norfolk,-42.7826,147.0587,54.91,68,96,3.0,AU,1685200842
177,sitka,57.0531,-135.33,48.09,71,100,12.66,US,1685200843
178,ryotsu-minato,38.0833,138.4333,65.37,79,100,1.57,JP,1685200843
179,mundo nuevo,18.7,-95.5,81.68,68,97,2.95,MX,1685200848
180,were ilu,10.6,39.4333,63.48,55,72,11.59,ET,1685200848
181,bahia blanca,-38.7196,-62.2724,49.82,48,0,4.0,AR,1685200849
182,hermanus,-34.4187,19.2345,64.8,56,2,7.49,ZA,1685200849
183,gweru,-19.45,29.8167,71.96,26,6,11.3,ZW,1685200849
184,lazaro cardenas,17.9583,-102.2,87.37,59,7,2.98,MX,1685200849
185,longyearbyen,78.2186,15.6401,30.04,51,20,3.44,SJ,1685200849
186,tolanaro,-25.0319,46.9987,73.47,83,20,14.97,MG,1685200850
187,arno,60.1167,18.6333,48.78,40,41,16.98,SE,1685200850
188,whitehorse,60.7161,-135.0538,42.03,55,75,17.27,CA,1685200850
189,bhamo,24.2667,97.2333,78.39,63,3,1.81,MM,1685200850
190,celestun,20.8667,-90.4,82.67,56,78,3.09,MX,1685200850
191,geraldton,-28.7667,114.6,48.61,87,100,0.0,AU,1685200760
192,mahibadhoo,3.7833,72.9667,84.67,72,98,9.53,MV,1685200851
193,tiksi,71.6872,128.8694,36.21,98,100,17.72,RU,1685200851
194,sisimiut,66.9395,-53.6735,26.02,92,100,12.77,GL,1685200851
195,kenora,49.8167,-94.4337,72.57,30,20,11.5,CA,1685200851
196,lerwick,60.1545,-1.1494,51.8,69,34,27.13,GB,1685200851
197,mysen,59.5535,11.3258,61.11,49,62,5.99,NO,1685200852
198,carnarvon,-24.8667,113.6333,70.63,38,100,14.7,AU,1685200852
199,fort bragg,35.139,-79.006,57.81,92,100,12.66,US,1685200791
200,umm kaddadah,13.6017,26.6876,105.06,16,43,11.18,SD,1685200852
201,shimoda,34.6667,138.95,61.11,80,16,4.0,JP,1685200853
202,kolonia,50.9333,6.95,78.42,27,0,8.05,DE,1685200807
203,san luis de la loma,17.2706,-100.8939,87.85,57,46,2.24,MX,1685200853
204,wewak,-3.5534,143.6268,79.34,86,97,4.94,PG,1685200853
205,port macquarie,-31.4333,152.9167,43.9,76,0,5.7,AU,1685200853
206,minas de marcona,-15.2119,-75.1103,62.85,73,100,13.24,PE,1685200854
207,mildura,-34.2,142.15,50.07,88,78,8.28,AU,1685200854
208,skiathos,39.1623,23.4909,71.98,64,20,4.61,GR,1685200854
209,chulym,55.0997,80.9572,51.03,54,38,6.64,RU,1685200854
210,college,64.8569,-147.8028,51.91,77,40,5.75,US,1685200855
211,las heras,-46.5419,-68.9359,36.7,51,6,17.25,AR,1685200855
212,guerrero negro,27.9769,-114.0611,62.11,74,20,17.85,MX,1685200855
213,lihue,21.9789,-159.3672,72.99,76,20,10.36,US,1685200855
214,smithers,54.7804,-127.1743,46.72,71,0,0.0,CA,1685200855
215,puerto colombia,10.9878,-74.9547,86.09,87,100,3.27,CO,1685200856
216,lock haven,41.137,-77.4469,73.69,41,48,3.85,US,1685200810
217,santa ana,33.7456,-117.8678,63.25,80,100,3.44,US,1685200674
218,qui nhon,13.7667,109.2333,80.33,87,2,1.72,VN,1685200856
219,san juan bautista,-14.0108,-75.7358,73.89,57,100,4.27,PE,1685200856
220,nadym,65.5333,72.5167,62.24,69,100,20.71,RU,1685200857
221,hadibu,12.65,54.0333,86.56,73,55,6.49,YE,1685200857
222,al ghayzah,16.2079,52.176,86.47,70,43,15.08,YE,1685200857
223,faranah,10.0404,-10.7434,92.41,40,100,7.45,GN,1685200857
224,kerikeri,-35.2268,173.9474,62.91,89,81,3.0,NZ,1685200857
225,egilsstadir,65.2653,-14.3948,40.91,60,40,27.63,IS,1685200858
226,san fernando de apure,7.8878,-67.4724,77.85,92,100,2.91,VE,1685200858
227,sechura,-5.5569,-80.8222,78.22,68,97,9.66,PE,1685200858
228,boca do acre,-8.7522,-67.3978,88.79,59,55,2.42,BR,1685200858
229,bhikangaon,21.8667,75.95,97.27,27,41,14.23,IN,1685200859
230,klyuchi,52.2667,79.1667,52.23,40,26,7.81,RU,1685200859
231,cascais,38.6979,-9.4215,77.5,76,20,17.0,PT,1685200859
232,kiknur,57.3034,47.2011,70.25,76,69,5.79,RU,1685200859
233,metahara,8.9,39.9167,85.39,44,100,14.14,ET,1685200859
234,vail,32.0479,-110.712,79.2,17,54,1.05,US,1685200703
235,mersing,2.4312,103.8405,78.71,89,20,4.61,MY,1685200860
236,kertih,4.5141,103.4483,80.62,94,99,0.0,MY,1685200860
237,jamestown,42.097,-79.2353,69.39,42,0,4.61,US,1685200623
238,eyl,7.9803,49.8164,84.58,69,75,17.9,SO,1685200860
239,aydintepe,40.3894,40.1506,63.97,50,90,1.21,TR,1685200861
240,newman,37.3138,-121.0208,61.23,77,1,3.0,US,1685200861
241,constantia,44.1833,28.65,65.08,86,100,14.29,RO,1685200861
242,bozeman,45.6796,-111.0386,58.42,79,40,1.01,US,1685200866
243,christchurch,-43.5333,172.6333,51.94,80,79,2.3,NZ,1685200853
244,saldanha,-33.0117,17.9442,60.85,57,0,10.11,ZA,1685200867
245,westerland,54.9079,8.3033,62.02,62,0,6.91,DE,1685200867
246,siwa oasis,29.2041,25.5195,88.63,24,1,22.86,EG,1685200867
247,polyarnyy,69.1989,33.4478,46.38,44,100,12.44,RU,1685200810
248,constitucion,-35.3333,-72.4167,52.07,49,59,6.42,CL,1685200867
249,lospalos,-8.5186,127.0025,68.72,91,48,5.59,TL,1685200868
250,vikulovo,56.8167,70.6107,54.39,90,100,4.25,RU,1685200868
251,nova sintra,14.8667,-24.7167,70.61,81,100,14.74,CV,1685200868
252,najran,17.4924,44.1277,70.45,43,90,12.35,SA,1685200868
253,amahai,-3.3333,128.9167,86.09,83,23,4.34,ID,1685200868
254,kill devil hills,36.0307,-75.676,66.2,82,100,10.36,US,1685200569
255,hamilton,39.1834,-84.5333,72.09,49,0,8.05,US,1685200706
256,karkala,13.2,74.9833,85.82,75,8,4.79,IN,1685200869
257,karhula,60.5216,26.9313,60.3,56,98,13.04,FI,1685200869
258,letlhakane,-21.4167,25.5833,81.63,21,50,7.07,BW,1685200870
259,dawei,14.0833,98.2,80.49,82,14,3.09,MM,1685200870
260,kone,-21.0595,164.8658,64.29,74,0,2.39,NC,1685200870
261,bardai,11.65,7.2333,94.59,32,100,12.88,NG,1685200870
262,vuktyl,63.8567,57.3094,57.58,90,100,5.82,RU,1685200870
263,kaoma,-14.7833,24.8,83.79,16,0,5.88,ZM,1685200871
264,inderbor,48.55,51.7833,86.47,15,100,10.56,KZ,1685200871
265,rurrenabaque,-14.4413,-67.5278,82.92,72,100,2.51,BO,1685200871
266,pontes e lacerda,-15.2261,-59.3353,87.19,47,22,4.52,BR,1685200871
267,wanning,18.8003,110.3967,80.38,88,3,3.06,CN,1685200872
268,romankivtsi,48.4847,27.2138,67.46,67,96,13.09,UA,1685200872
269,puerto gaitan,4.3133,-72.0816,81.43,76,78,4.14,CO,1685200737
270,khandyga,62.6667,135.6,39.33,93,100,2.13,RU,1685200872
271,miri,4.4148,114.0089,80.74,89,40,3.44,MY,1685200872
272,hammerfest,70.6634,23.6821,41.45,60,75,12.66,NO,1685200873
273,pisco,-13.7,-76.2167,70.02,73,0,6.91,PE,1685200873
274,norderney,53.7,7.15,66.18,65,0,10.6,DE,1685200873
275,hithadhoo,-0.6,73.0833,83.53,75,100,8.99,MV,1685200873
276,ghat,24.9647,10.1728,88.27,14,4,14.12,LY,1685200873
277,keflavik,64.0049,-22.5624,46.83,57,75,14.97,IS,1685200874
278,port-vila,-17.7338,168.3219,65.8,88,40,2.3,VU,1685200874
279,el arahal,37.2627,-5.5453,75.72,57,75,13.8,ES,1685200874
280,itoman,26.1247,127.6694,75.58,100,100,12.66,JP,1685200874
281,woodstock,43.1334,-80.7497,71.06,31,23,1.01,CA,1685200716
282,arkhangel'sk,64.5401,40.5433,52.61,40,17,8.23,RU,1685200875
283,nantucket,41.2835,-70.0995,68.09,45,0,13.8,US,1685200754
284,san juan de miraflores,-12.1629,-76.9635,71.17,78,100,4.94,PE,1685200875
285,helong,42.5397,128.9972,56.82,58,100,5.64,CN,1685200875
286,ugoofaaru,5.6667,73.0,85.37,73,2,12.68,MV,1685200876
287,quelimane,-17.8786,36.8883,78.75,57,20,8.05,MZ,1685200876
288,sos'va,59.1766,61.8558,74.34,49,71,3.36,RU,1685200876
289,bull savanna,17.8868,-77.5902,83.61,65,86,8.05,JM,1685200876
290,childress,34.4264,-100.204,64.65,88,0,18.41,US,1685200877
291,hermiston,45.8404,-119.2895,71.2,64,0,3.44,US,1685200643
292,chonchi,-42.6128,-73.8092,40.21,72,3,1.92,CL,1685200648
293,la ronge,55.1001,-105.2842,50.22,93,100,8.05,CA,1685200877
294,puerto baquerizo moreno,-0.9,-89.6,81.59,83,40,12.66,EC,1685200808
295,badger,64.8,-147.5333,51.82,87,0,5.75,US,1685200878
296,ulundi,-28.3352,31.4162,63.81,77,85,7.09,ZA,1685200878
297,saipan,15.1355,145.701,81.64,100,91,8.01,MP,1685200878
298,valera,9.3178,-70.6036,85.77,62,47,4.68,VE,1685200878
299,poco branco,-5.6228,-35.6628,87.75,46,31,14.97,BR,1685200744
300,gargalianoi,37.0667,21.6333,65.35,69,38,6.71,GR,1685200879
301,kayangel,8.0823,134.7173,83.77,80,100,23.38,PW,1685200879
302,tamanrasset,22.785,5.5228,94.91,9,0,13.8,DZ,1685200880
303,bowen,-20.0167,148.2333,60.42,79,2,6.29,AU,1685200880
304,uusikaupunki,60.8004,21.4084,51.03,57,33,13.27,FI,1685200880
305,xam nua,20.4197,104.0439,68.04,96,100,2.75,LA,1685200880
306,katsuren-haebaru,26.3369,127.8719,75.58,88,100,9.22,JP,1685200880
307,harstad,68.799,16.5293,42.19,99,100,30.0,NO,1685200881
308,gordonvale,-17.0936,145.7842,66.9,97,28,4.29,AU,1685200881
309,flying fish cove,-10.4217,105.6791,78.48,88,100,12.66,CX,1685200881
310,kerrville,30.0474,-99.1403,76.53,75,40,11.5,US,1685200769
311,nizhniy kuranakh,58.8353,125.4869,42.42,65,93,1.16,RU,1685200881
312,labytnangi,66.6572,66.4183,59.43,67,100,19.48,RU,1685200882
313,haiku-pauwela,20.9219,-156.3051,71.04,77,0,5.99,US,1685200882
314,piranhas,-16.4269,-51.8222,88.95,35,3,3.71,BR,1685200882
315,ancud,-41.8697,-73.8203,43.3,75,0,7.63,CL,1685200882
316,kushiro,42.975,144.3747,51.57,91,100,5.79,JP,1685200882
317,labuan,5.2767,115.2417,79.16,94,20,0.0,MY,1685200883
318,santa marta de ortigueira,43.6833,-7.85,64.98,81,95,9.31,ES,1685200883
319,kuala belait,4.5833,114.1833,80.76,84,98,0.2,BN,1685200883
320,cuamba,-14.8031,36.5372,72.36,47,3,3.36,MZ,1685200883
321,sayat,38.7839,63.8803,87.67,9,100,9.37,TM,1685200884
322,atafu village,-8.5421,-172.5159,83.05,75,37,9.53,TK,1685200884
323,st. john's,47.5649,-52.7093,48.27,80,75,19.57,CA,1685200755
324,broome,42.2506,-75.833,70.36,43,0,4.61,US,1685200697
325,vila franca do campo,37.7167,-25.4333,66.61,65,28,13.8,PT,1685200884
326,eastham,41.8301,-69.9739,68.16,55,0,9.22,US,1685200885
327,ilha de mocambique,-15.0342,40.7358,77.59,70,0,8.84,MZ,1685200885
328,maragogi,-9.0122,-35.2225,81.45,77,18,9.04,BR,1685200886
329,sao joao da barra,-21.6403,-41.0511,82.49,61,1,2.71,BR,1685200886
330,taraclia,45.9,28.6689,69.15,68,100,9.91,MD,1685200886
331,paracuru,-3.41,-39.0306,84.11,64,92,13.87,BR,1685200887
332,diamantino,-14.4086,-56.4461,89.19,40,1,8.05,BR,1685200887
333,pader,3.05,33.2167,78.67,62,100,2.17,UG,1685200887
334,mana,5.6592,-53.7767,83.53,74,69,5.7,GF,1685200887
335,broken hill,-31.95,141.4333,56.08,47,98,9.19,AU,1685200887
336,merizo village,13.2658,144.6691,80.42,86,100,13.51,GU,1685200888
337,mandalgovi,45.7625,106.2708,46.47,73,0,16.67,MN,1685200888
338,nadi,-17.8,177.4167,69.8,88,20,5.75,FJ,1685200632
339,mahina,-17.5065,-149.489,76.77,73,20,6.91,PF,1685200888
340,mount pearl,47.5166,-52.7813,47.44,80,75,19.57,CA,1685200888
341,moanda,-1.5575,13.2178,86.23,79,100,1.97,GA,1685200889
342,balabac,7.9868,117.0645,82.24,79,96,8.28,PH,1685200889
343,malvan,16.0667,73.4667,83.59,75,0,10.45,IN,1685200889
344,becancour,46.3334,-72.4324,68.54,52,75,13.8,CA,1685200889
345,atlantic,39.4668,-74.6663,75.2,36,0,6.91,US,1685200889
346,boyolangu,-8.1181,111.8935,74.3,80,55,5.14,ID,1685200890
347,aitape,-3.1374,142.3475,78.46,89,90,2.39,PG,1685200890
348,vernon,50.2581,-119.2691,65.3,61,14,4.61,CA,1685200665
349,mordovo,52.0834,40.77,61.86,91,100,7.05,RU,1685200890
350,aleksandrovsk,59.158,57.5624,72.81,37,100,6.8,RU,1685200891
351,vikhorevka,56.1201,101.1636,49.59,93,100,3.04,RU,1685200891
352,cide,41.8921,33.0044,66.63,84,81,8.12,TR,1685200892
353,coquimbo,-29.9533,-71.3436,60.53,77,0,11.5,CL,1685200892
354,kourou,5.1552,-52.6478,87.85,68,57,4.7,GF,1685200892
355,naze,28.3667,129.4833,72.52,95,100,14.81,JP,1685200636
356,nyasvizh,53.2181,26.6725,59.29,51,29,13.04,BY,1685200893
357,manokwari,-0.8667,134.0833,80.08,75,89,4.9,ID,1685200893
358,bocaiuva,-17.1078,-43.815,78.51,37,65,4.76,BR,1685200893
359,la sarre,48.8002,-79.1996,67.91,45,41,11.81,CA,1685200893
360,nogliki,51.8333,143.1667,41.61,96,96,4.52,RU,1685200894
361,shahrud,36.4182,54.9763,73.83,38,80,14.12,IR,1685200894
362,east ballina,-28.8667,153.5833,50.79,88,11,8.01,AU,1685200894
363,brigantine,39.4101,-74.3646,74.19,40,0,6.91,US,1685200894
364,mobaye,4.319,21.1786,73.99,92,99,6.85,CF,1685200894
365,hirara,24.8,125.2833,77.27,94,75,12.66,JP,1685200895
366,cururupu,-1.8283,-44.8683,88.16,56,68,7.54,BR,1685200895
367,belokurikha,51.9959,84.9896,47.77,66,93,3.58,RU,1685200643
368,port moresby,-9.4431,147.1797,72.82,100,100,3.44,PG,1685200895
369,cambria,35.5641,-121.0808,56.14,87,27,1.99,US,1685200895
370,tsiombe,-25.3,45.4833,70.83,81,100,6.17,MG,1685200896
371,punta arenas,-53.15,-70.9167,41.11,75,75,28.77,CL,1685200896
372,prado,-17.3411,-39.2208,79.41,64,60,7.25,BR,1685200896
373,yatou,37.15,122.3833,62.46,98,100,6.08,CN,1685200897
374,atherton,53.5237,-2.4935,73.89,47,12,7.0,GB,1685200897
375,laughlin,35.1678,-114.573,80.08,20,0,4.0,US,1685200897
376,bosobolo,4.1833,19.9,89.33,49,76,4.52,CD,1685200897
377,acarau,-2.8856,-40.12,86.41,63,71,13.31,BR,1685200898
378,horta,38.5333,-28.6333,66.02,72,75,17.0,PT,1685200898
379,el porvenir,13.7617,-87.3458,74.53,61,100,3.27,HN,1685200898
380,rawson,-43.3002,-65.1023,46.71,36,3,14.12,AR,1685200898
381,baskale,38.0453,44.0172,54.93,59,94,2.42,TR,1685200899
382,volokonovka,50.4827,37.8563,66.7,77,100,6.4,RU,1685200899
383,tralee,52.2704,-9.7026,70.05,68,20,10.36,IE,1685200899
384,parun,35.4207,70.9221,42.76,57,6,5.08,AF,1685200899
385,nova vicosa,-17.8919,-39.3719,77.38,70,29,7.96,BR,1685200900
386,rio grande,-32.035,-52.0986,66.31,73,100,17.87,BR,1685200770
387,minab,27.1467,57.0801,91.08,47,0,10.27,IR,1685200900
388,iskateley,67.6803,53.1512,58.35,35,94,9.37,RU,1685200900
389,tadmur,34.5608,38.2805,94.71,11,74,12.41,SY,1685200901
390,kalmunai,7.4167,81.8167,83.28,81,4,5.19,LK,1685200901
391,mpongwe,-13.5091,28.155,76.62,28,4,5.77,ZM,1685200901
392,saint-pierre,-21.3393,55.4781,74.88,88,100,19.57,RE,1685200704
393,nizhnesortymskiy,62.4397,71.7603,59.05,72,86,12.44,RU,1685200902
394,isangel,-19.55,169.2667,72.46,82,43,4.94,VU,1685200902
395,santa isabel,-23.3156,-46.2214,78.1,44,41,4.83,BR,1685200902
396,espumoso,-28.7247,-52.8497,70.97,82,100,5.17,BR,1685200902
397,pangkalanbuun,-2.6833,111.6167,75.49,98,93,2.44,ID,1685200903
398,khuzdar,27.7384,66.6434,90.36,13,21,6.58,PK,1685200903
399,kirkwood,38.5834,-90.4068,74.43,49,75,3.44,US,1685200903
400,ambatondrazaka,-17.8333,48.4167,63.07,85,0,6.22,MG,1685200903
401,kruisfontein,-34.0033,24.7314,62.89,38,4,1.45,ZA,1685200904
402,peterhead,57.5058,-1.7981,66.6,79,92,10.6,GB,1685200904
403,kralendijk,12.15,-68.2667,89.58,66,75,14.97,BQ,1685200635
404,daru,-9.0763,143.2092,78.4,82,93,11.05,PG,1685200904
405,hotan,37.0997,79.9269,62.71,46,75,6.58,CN,1685200905
406,waingapu,-9.6567,120.2641,73.38,81,3,9.55,ID,1685200905
407,codrington,-38.2667,141.9667,53.35,89,100,14.74,AU,1685200905
408,okha,53.5739,142.9478,33.4,94,100,12.64,RU,1685200905
409,calabar,4.9517,8.322,82.26,74,96,7.54,NG,1685200906
410,cockburn town,21.4612,-71.1419,81.84,84,10,14.32,TC,1685200906
411,margate,51.3813,1.3862,58.69,68,2,8.99,GB,1685200906
412,nuuk,64.1835,-51.7216,34.41,100,100,33.38,GL,1685200906
413,laguna,38.421,-121.4238,61.09,81,0,9.22,US,1685200907
414,ratnagiri,16.9833,73.3,83.91,78,0,8.16,IN,1685200907
415,sorong,-0.8833,131.25,79.27,80,81,12.95,ID,1685200907
416,bogdanovich,56.7803,62.0494,67.1,67,96,5.03,RU,1685200907
417,turpan,42.9333,89.1667,83.44,13,81,1.34,CN,1685200908
418,emerald,-23.5333,148.1667,48.34,45,0,11.65,AU,1685200751
419,tame,6.461,-71.73,86.09,61,34,3.6,CO,1685200908
420,kununurra,-15.7667,128.7333,55.38,67,1,1.14,AU,1685200725
421,palmer,42.1584,-72.3287,76.08,34,0,3.0,US,1685200909
422,qiziltepa,40.0331,64.85,85.15,12,68,17.43,UZ,1685200909
423,zag,46.9441,99.165,44.51,31,0,5.55,MN,1685200909
424,selfoss,63.9331,-20.9971,48.04,53,10,17.18,IS,1685200910
425,konarka,19.9,86.1167,84.6,84,39,15.28,IN,1685200910
426,pierre,44.3683,-100.351,72.28,62,75,14.97,US,1685200910
427,sept-iles,50.2001,-66.3821,68.52,32,75,9.22,CA,1685200911
428,karakocan,38.9558,40.0386,76.46,54,33,4.21,TR,1685200911
429,paraty,-23.2178,-44.7131,86.31,41,12,2.19,BR,1685200911
430,prince edward,44.0001,-77.2495,74.48,62,5,5.99,CA,1685200868
431,lesnoy,57.6198,63.0784,67.86,58,100,4.12,RU,1685200911
432,san pedro pochutla,15.7333,-96.4667,89.71,59,44,2.73,MX,1685200912
433,chinde,26.8418,88.0763,62.37,75,3,5.37,NP,1685200912
434,ghanzi,-21.5667,21.7833,82.63,20,5,8.93,BW,1685200912
435,businga,3.3333,20.8833,78.01,86,99,6.89,CD,1685200912
436,villa de arista,22.65,-100.8333,65.21,63,98,4.97,MX,1685200913
437,ravar,31.2656,56.8055,84.6,24,41,8.88,IR,1685200913
438,winnemucca,40.973,-117.7357,55.45,62,0,0.0,US,1685200561
439,colonia,50.9333,6.95,78.42,27,0,8.05,DE,1685200753
440,dek'emhare,15.07,39.0475,73.29,58,98,13.6,ER,1685200913
441,glace bay,46.1969,-59.957,61.32,60,20,20.71,CA,1685200914
442,machico,32.7,-16.7667,72.23,71,40,17.27,PT,1685200914
443,tash-kumyr,41.3461,72.2171,62.76,57,47,12.08,KG,1685200914
444,zhangye,38.9342,100.4517,68.09,21,100,6.02,CN,1685200914
445,praia da vitoria,38.7333,-27.0667,66.45,77,40,17.36,PT,1685200914
446,wasserburg am inn,48.0605,12.2313,73.33,56,3,10.47,DE,1685200915
447,torghay,49.6339,63.4981,72.86,32,1,7.85,KZ,1685200915
448,sandnessjoen,66.0217,12.6316,48.72,93,75,27.63,NO,1685200915
449,choyr,46.3611,108.3611,52.63,66,92,6.73,MN,1685200915
450,concordia,-31.393,-58.0209,59.07,59,0,8.05,AR,1685200856
451,casper,42.8666,-106.3131,61.81,74,0,11.5,US,1685200916
452,gorom-gorom,14.4439,-0.2361,110.5,6,82,16.24,BF,1685200916
453,taulaga,-11.0553,-171.0883,82.54,76,76,6.91,AS,1685200916
454,kilindoni,-7.9139,39.6668,80.19,68,17,14.36,TZ,1685200916
455,jalai nur,49.45,117.7,47.98,48,2,7.45,CN,1685200916
456,kenitra,34.261,-6.5802,72.36,61,26,11.92,MA,1685200917
457,chuguyevka,44.1653,133.8633,56.8,77,100,3.49,RU,1685200917
458,colonia menno,-22.3667,-59.8167,91.38,44,54,14.63,PY,1685200917
459,vadso,70.0744,29.7487,45.48,49,0,13.8,NO,1685200917
460,holdrege,40.4403,-99.3698,70.88,46,0,18.41,US,1685200918
461,vilhena,-12.7406,-60.1458,84.42,61,0,10.36,BR,1685200918
462,oropesa del mar,40.1,0.15,77.7,61,100,5.66,ES,1685200918
463,miquelon,47.0975,-56.3814,46.4,88,100,23.29,PM,1685200918
464,bikenibeu village,1.3673,173.1241,80.56,89,40,1.14,KI,1685200918
465,kaduy,59.2,37.15,54.34,71,94,9.73,RU,1685200919
466,dryden,49.7833,-92.7503,71.89,30,0,12.66,CA,1685200919
467,noosa heads,-26.3833,153.15,53.33,80,1,6.71,AU,1685200919
468,zhezqazghan,47.7833,67.7667,70.38,18,0,13.42,KZ,1685200919
469,elhovo,42.1667,26.5667,63.16,94,100,10.25,BG,1685200920
470,akureyri,65.6835,-18.0878,46.33,29,0,10.36,IS,1685200920
471,karachi,24.9056,67.0822,87.62,70,40,5.75,PK,1685200806
472,extrema,-22.8547,-46.3183,75.27,48,43,7.54,BR,1685200920
473,charters towers,-20.1,146.2667,54.97,51,4,6.38,AU,1685200920
474,kamaishi,39.2667,141.8833,60.75,84,100,8.72,JP,1685200921
475,howard springs,-12.497,131.047,71.51,46,63,6.73,AU,1685200921
476,armacao de buzios,-22.7469,-41.8817,84.25,69,2,13.09,BR,1685200921
477,usogorsk,63.4106,48.6872,63.23,37,69,6.11,RU,1685200921
478,salekhard,66.53,66.6019,61.18,79,100,14.97,RU,1685200922
479,dzhalagash,45.0833,64.6667,79.57,19,0,8.93,KZ,1685200922
480,avenal,36.0041,-120.129,61.56,62,0,1.12,US,1685200922
481,bontang,0.1333,117.5,79.54,89,74,7.76,ID,1685200922
482,remire-montjoly,4.9167,-52.2667,87.84,66,75,6.91,GF,1685200923
483,adrar,20.5022,-10.0711,83.93,40,100,11.01,MR,1685200923
484,vorkuta,67.5,64.0,61.41,48,100,7.11,RU,1685200774
485,mikuni,36.2171,136.1519,67.91,84,93,7.31,JP,1685200923
486,centerton,36.3598,-94.2852,72.3,49,0,9.22,US,1685200870
487,iquique,-20.2208,-70.1431,68.04,70,100,6.49,CL,1685200796
488,motueka,-41.1333,173.0167,58.1,93,99,2.37,NZ,1685200924
489,vila velha,-20.3297,-40.2925,78.94,76,40,10.36,BR,1685200925
490,bengkulu,-3.8004,102.2655,77.23,89,64,3.6,ID,1685200925
491,nelson bay,-32.7167,152.15,51.01,75,31,8.01,AU,1685200925
492,la passe,45.5549,-0.8967,86.23,55,4,8.57,FR,1685200926
493,palapag,12.5458,125.1147,80.6,79,100,10.49,PH,1685200926
494,fada n'gourma,12.0622,0.3578,105.1,20,100,1.32,BF,1685200926
495,crozon,48.2464,-4.4899,77.13,56,0,10.36,FR,1685200926
496,hangu,39.2489,117.7892,64.44,86,100,4.23,CN,1685200927
497,la'ie,21.6477,-157.9253,75.16,74,0,3.0,US,1685200927
498,mohr,54.3528,9.7167,68.97,41,0,3.44,DE,1685200927
499,forster,-32.1667,152.5167,50.04,71,0,10.69,AU,1685200928
500,novoishimskiy,53.1981,66.7694,69.12,36,6,7.25,KZ,1685200928
501,alaghsas,17.0187,8.0168,109.92,7,82,10.67,NE,1685200928
502,ulladulla,-35.35,150.4667,43.88,77,0,5.57,AU,1685200929
503,marsh harbour,26.5412,-77.0636,81.41,65,4,4.9,BS,1685200929
504,dange,12.8513,5.3471,105.75,18,100,5.59,NG,1685200929
505,antsiranana,-12.2787,49.2917,77.76,69,20,18.41,MG,1685200930
506,long beach,33.767,-118.1892,63.37,83,100,8.05,US,1685200324
507,kitakata,37.65,139.8667,61.02,90,100,2.71,JP,1685200930
508,grand baie,-20.0182,57.5802,75.67,75,4,5.99,MU,1685200930
509,myitkyina,25.3833,97.4,79.77,53,3,1.48,MM,1685200931
510,maputo,-25.9653,32.5892,70.23,80,75,8.05,MZ,1685200931
511,srivardhan,18.0333,73.0167,84.07,78,2,8.32,IN,1685200931
512,sola,-13.8833,167.55,70.47,94,20,0.0,VU,1685200932
513,isla vista,34.4133,-119.861,63.01,82,0,3.44,US,1685200932
514,gazojak,41.1875,61.4036,88.59,9,88,13.29,TM,1685200932
515,garissa,-0.4536,39.6401,84.61,51,100,17.45,KE,1685200933
516,mao,39.8885,4.2658,77.56,44,0,6.91,ES,1685200933
517,izobil'nyy,45.3709,41.7084,72.64,71,26,5.19,RU,1685200933
518,gadzhiyevo,69.2551,33.3362,46.29,43,100,12.88,RU,1685200934
519,awjilah,29.1081,21.2869,79.3,37,66,22.19,LY,1685200934
520,marquette,46.5333,-87.6335,72.16,25,88,10.0,US,1685200934
521,damaturu,11.747,11.9608,105.22,20,17,6.46,NG,1685200934
522,kuantan,3.8077,103.326,82.51,83,20,5.75,MY,1685200935
523,lamarque,-39.423,-65.7021,47.86,24,0,3.76,AR,1685200935
524,usinsk,65.9939,57.5281,63.32,35,100,9.98,RU,1685200935
525,bokhan,53.153,103.7714,47.28,63,100,1.23,RU,1685200936
526,banamba,13.55,-7.45,102.13,13,100,15.37,ML,1685200936
527,karlshamn,56.1706,14.8619,61.29,53,89,10.13,SE,1685200936
528,inarajan village,13.2736,144.7484,80.6,87,100,13.0,GU,1685200936
529,bodo,67.28,14.405,44.94,88,75,18.41,NO,1685200937
530,jinxiang,27.4327,120.6062,71.24,92,5,1.32,CN,1685200937
531,cam pha mines,21.0167,107.3,78.48,85,1,1.99,VN,1685200930
532,dzhetygara,52.1908,61.2006,76.3,30,13,7.23,KZ,1685200938
533,vila do maio,15.1333,-23.2167,83.19,85,100,15.12,CV,1685200938
534,chazuta,-6.5742,-76.1367,83.25,75,95,1.3,PE,1685200938
535,castillos,-34.1667,-53.8333,63.18,49,31,14.5,UY,1685200938
536,igarka,67.4667,86.5833,50.23,78,4,9.98,RU,1685200939
537,motygino,58.1831,94.7592,48.31,62,100,6.44,RU,1685200939
538,anar darah,32.7587,61.654,89.47,11,46,21.72,AF,1685200939
539,taro,-8.3862,115.28,71.6,89,75,2.62,ID,1685200939
540,chambishi,-12.6325,28.0537,73.92,38,25,3.15,ZM,1685200940
541,mezhdurechenskiy,59.6,65.9333,64.69,77,85,10.07,RU,1685200940
542,timbuktu,16.7735,-3.0074,107.44,11,100,19.24,ML,1685200940
543,papao,-17.75,-149.55,76.68,76,15,23.89,PF,1685200940
544,quellon,-43.1167,-73.6167,41.25,87,0,3.44,CL,1685200940
545,monchegorsk,67.9397,32.8739,50.27,31,99,9.86,RU,1685200941
546,navrongo,10.8956,-1.0921,104.7,23,92,3.56,GH,1685200941
547,trujillo,-8.116,-79.03,75.16,73,75,9.22,PE,1685200941
548,ormara,25.2088,64.6357,83.66,85,71,18.86,PK,1685200941
549,mahajanga,-15.7167,46.3167,82.42,54,20,3.44,MG,1685200942
550,myeik,12.4333,98.6,82.35,80,9,6.11,MM,1685200942
551,chamical,-30.36,-66.314,56.37,58,100,2.19,AR,1685200942
552,boundiali,9.5217,-6.4869,99.91,23,100,4.59,CI,1685200943
553,elesbao veloso,-6.2019,-42.1403,93.0,37,33,8.57,BR,1685200943
554,kirensk,57.7853,108.1119,46.89,59,100,1.9,RU,1685200943
555,seminole,28.7086,-81.2081,77.34,71,40,11.5,US,1685200943
556,mount carmel,38.4109,-87.7614,72.12,55,100,8.46,US,1685200943
557,dolores,-36.3132,-57.6792,52.59,53,0,16.46,AR,1685200944
558,inhambane,-23.865,35.3833,73.38,68,20,4.61,MZ,1685200944
559,cazorla,37.915,-3.0034,67.57,57,97,3.09,ES,1685200944
560,queenstown,-31.8976,26.8753,55.78,20,0,5.75,ZA,1685200944
561,nishinoomote,30.7333,131.0,72.41,82,100,14.81,JP,1685200945
562,grand falls-windsor,48.9332,-55.6649,43.5,84,100,1.01,CA,1685200945
563,maxixe,-23.8597,35.3472,73.22,68,20,4.61,MZ,1685200945
564,slave lake,55.2834,-114.769,62.58,51,0,11.5,CA,1685200727
565,willowmore,-33.2926,23.4895,57.13,28,0,6.53,ZA,1685200946
566,opp,31.2827,-86.2555,73.42,58,0,9.22,US,1685200946
567,santo amaro da imperatriz,-27.6881,-48.7786,79.02,100,79,1.36,BR,1685200946
568,cooper's town,26.8667,-77.5167,78.26,69,1,4.23,BS,1685200946
569,holualoa,19.6228,-155.9522,66.51,82,0,5.99,US,1685200946
570,sao francisco,-15.9486,-44.8644,84.43,34,37,5.88,BR,1685200947
571,tanout,14.9709,8.8879,106.66,13,100,3.8,NE,1685200947
572,prainha,-1.8,-53.48,88.36,57,95,2.93,BR,1685200940
